end_date,intrinsic,trigger
1987-01-31,"US economy expected to be $4 trillion in 1987. Texas' GDP growth heavily impacted by mid-1980s oil bust. US economy grew 2.5% in 1986, worst since 1982, due to trade deficit and lagging spending.",
1987-02-28,"U.S. economy near full capacity, large federal deficit, focus on external balance and protection, government appointments, ongoing economic cooperation with Honduras.",
1987-03-31,"Ongoing US economic problems, currency/commodity market fluctuations, and US-Presidential talks addressing these issues with achievements. Potential for continued US tariffs and trade tensions.",
1987-04-30,US provided economic assistance and President Reagan highlighted technology's role in economic development. Bangladesh's GDP and Asia-Pacific's diverse economic growth were noted.,
1987-05-31,U.S. trade deficit was a concern; Italy's GDP revaluation showed it ahead of Britain; world economic outlook was uncertain.,
1987-06-30,"Soviet Union implements economic reforms, allowing greater freedom for enterprises, potentially leading to increased trade and investment.",
1987-07-31,US Independence Day celebrated on July 3. The economy was experiencing high inflation and outrageous prices. A growing share of services in the economy was a notable trend. The US consistently welcomed foreign investors.,
1987-08-31,"Soviet Union introduced Joint Venture Law to improve economic cooperation with US. South Korea's economy expected to continue strong trade surplus with US, nearly $9 billion annually.",
1987-09-30,"US budget process discussed in Congress; US had high foreign trade coefficient; IMF released its Annual Report 1987 on Sep 27, discussing world economy.",
1987-10-31,US considered compulsory HIV screening program; economy showed signs of stagnation but also recent good performance with moderate growth expected.,"Dow Jones Industrial Average crashed on October 15, 1987."
1987-11-30,"US economy showed low savings rates, 1980s shifts, and 5 years of growth (1982-1987). Gorbachev's economic plans published Nov 23.","US imposed an embargo on all imports from Iran on October 26, 1987."
1987-12-31,"US steel industry declining; US economy facing adversity with oil-fueled inflation; US experiencing economic vulnerability, federal budget deficit, and declining global economic status.","Global economic slowdown, bank stress, and increasing fears of a US recession."
1988-01-31,"US economy in an expansion phase, facing a recognized need for trade policy shift, with expected short-term slowing growth. President Reagan delivered the annual State of the Union Address discussing the economy.",
1988-02-29,US economy in sustained expansion since 1982 with low inflation; major global player; Medicare prospective payment system affected hospitals.,
1988-03-31,Latin American economy affected by reduced U.S. aid and trade slump. U.S. considering Panama sanctions; signed defense/economic pact with Turkey. OECD identified key global economies.,
1988-04-30,American economy in longest peacetime expansion; continued slowdown in growth and fluctuations due to ongoing banking panics and increased petroleum imports.,Appreciation of the Japanese yen may lead to short-term fluctuations in global trade and economic activity.
1988-05-31,"US economy showed strong job creation. Predictions indicated continued improvement and development, with NYC's boom potentially spreading.",Jamaica's economy stabilized and began growing in 1988.
1988-06-30,"US economy driven by entrepreneurs and small enterprises, experiencing a record boom and sustained growth. Poverty rate in 1986 was a significant issue.",
1988-07-31,"US economy in a boom, with expected continued growth driven by policies and tech; significant immigration influx in the 1980s; low US-Africa trade in 1986.",
1988-08-31,"US economy had seasonal business cycle, ~3% unemployment. Omnibus Trade Act signed Aug 23, 1988. Past growth (1983-86) influenced expenditure.",
1988-09-30,The US faced an ongoing trade deficit and concerns about illiteracy threatening its economic edge. Poisonous plants caused annual economic losses to the livestock industry. The Phillips curve concept relating unemployment and inflation was discussed.,
1988-10-31,"US-Canada Free-Trade Agreement signed; US-Philippines $962M aid agreement; ongoing changes in trade policy, protectionism, and deregulation affecting the economy.",
1988-11-30,West Germany's economy booming with falling US trade surplus; US voters concerned about economy; US facing federal budget deficit and need for productivity; Japan's 1988 economic growth expected higher than forecast.,
1988-12-31,US faced ongoing deficits and economic decline concerns; rising housing costs contributed to homelessness.,Soviet Union sought foreign grants/loans for market-oriented economy transition.
1989-01-31,"US economy experienced significant mergers, acquisitions, and leveraged buyouts in January 1989. The U.S. economy grew robustly at 3.8% in 1988, its best performance in four years.",
1989-02-28,US had significant influence on Canada's economy; 1987 US poverty rate reported based on 1988 survey; US government expressed concerns over coproduction agreements' implications for trade and economy.,
1989-03-31,"US economy's international interdependence and status as a leading competitor in 1989, focusing on business, mining, and housing development.","Exxon Valdez oil spill on March 23, 1989, causing over $300 million in economic harm to over 32,000 people."
1989-04-30,"IMF released annual World Economic Outlook report, noting productivity growth. US central bank relaxed its restrictive course, indicating potential slowdown. US economy facing challenges and significant in national decisions.",
1989-05-31,"US-Japan trade imbalance and tension, US poverty rate at 14.89%, and ongoing economic issues in the US during 1989. Social Security benefits increased 1970-1985.",
1989-06-30,US economy growing with falling unemployment (5-5.5%); strong dollar and increased exports; World Bank discussion on product demand; policy for tribal economic self-sufficiency.,
1989-07-31,FOMC noted faster foreign economic growth; US provided aid to Central America; US and Japan agreed to examine economic rigidities; US public concerned about economic threat from Japan.,
1989-08-31,Caribbean Community meeting on cooperation and economic challenges. US provided aid to Honduras. Focus on US trade relationships and current-account balance.,"Japan surpassed the US in assets, becoming the world's richest nation, signaling a major global economic shift."
1989-09-30,FDIC reported record banking/agricultural failures in Midwest; West German economy strengthened; US had strong 1988 aerospace trade balance and was predominant Pacific Basin economic power.,
1989-10-31,US economic growth driven by intellectual property; stable poverty levels with increasing wealth inequality; ongoing US concerns over Japan's trade surplus and economic competition.,
1989-11-30,"US economy grew with 200,000 new jobs/month; had a $50 billion trade surplus with Japan in 1989. US GNP was a reference point for Soviet economy.","US and industrialized nations agreed to stabilize CO2 emissions on November 7, 1989."
1989-12-31,"US government concerned about Japan/Germany economies; engaged in economic agreements and cooperation talks. Global economy growing, but US per capita income lower than Japan.",
1990-01-31,US economy showed weakest growth in 3.5 years with a worsening trade deficit; US energy economy dominated by fossil fuels; US and Russia discussed Soviet economic liberalization.,
1990-02-28,"U.S. economic expansion continued for 7 years with moderating job growth. High debt-asset ratios and a significant trade imbalance with Japan persisted. Health sector's GNP share increased, alongside a patchwork health insurance system.",
1990-03-31,East Asian economic growth activating world economy; Brazil's 1989 GDP reviewed; US economy's trade dependency; US government prioritizing economic growth for national security.,
1990-04-30,US economy faced challenges with domestic weakness; government engaged in routine economic activities and prioritized foreign markets.,International Emergency Economic Powers Act invoked; Poland-United States Business and Economic Treaty signed.
1990-05-31,US economy experiencing growth; NBER study on education and economy; ongoing interest in economic structures and competition; continued focus on structural changes and trade negotiations.,
1990-06-30,"U.S. economy experienced less growth in 1990 due to bad loans and worthless property, leading to higher interest rates and unemployment. Economic policies and banking system functions were discussed.",
1990-07-31,US foreign debt rose to $2.076 trillion; US-Japan economic tensions; official figures confirmed Soviet economic decline.,Threat of oil production disruptions by Iraq; deepening Soviet economic crisis.
1990-08-31,"US economy experienced long-term growth and was healthy in 1990, with a rise in wealthy individuals attributed to economic health and tax law changes.","Iraqi invasion on August 2, 1990, caused a sharp increase in oil prices, posing a major threat to the US economy."
1990-09-30,US economy strong with high growth rates; 31-32 million people in poverty; strong global trade and investment position.,"US economy affected by Chilean fruit industry crisis, intellectual property issues, and influenza epidemic."
1990-10-31,"Economy in steady state growth with 2% effective labor force growth; discussion of European single market and currency; U.S. economy compared to U.K.; U.S. willing to normalize Vietnam relations, with critics noting trade embargo impact.",
1990-11-30,US economy experienced a slowdown with recession warnings; US government enacted new laws and executive orders with economic implications in November 1990.,
1990-12-31,"The Immigration Act of 1990 increased skilled immigrant admissions. NBER researched time-consistent policy and inflation. The U.S. economy faced growing earnings inequality, large defense spending, and serious labor shortages. Homeownership declined from 1980-1989.",
1991-01-31,"US economy dominant; Fed policy less reliant on monetary aggregates. Inflation reported, with preliminary signs of recovery. Ongoing U.S.-Mexico Free Trade Agreement negotiations.",Pan American World Airways bankruptcy causing potential job losses. Gulf crisis influencing economic outlook.
1991-02-28,"The U.S. economy faced distress, challenges, and hardship in early 1991, continuing a weakening trend from 1990 with deteriorating labor markets. Post-Cold War, the U.S. focused on its economic interests and rebuilding the Middle East after the Gulf War.",
1991-03-31,US economy in recession since late 1990; 1990 business failures up 20%; Q1 1991 GDP shrank 1.6%.,Global economic concerns and assessment of Iraq war damage and trade embargo effects.
1991-04-30,US-Japan economic friction; Mongolian economy's admission state with US/Soviet involvement; ongoing economic impact from 1990 oil price surge; G-7 efforts to guide Soviet economy via IMF/World Bank.,
1991-05-31,"US economy had sharply slowed in 1990, with declining growth rates in US, Canada, and UK, setting a pre-existing condition for the period.","Soviet Union sought $100 billion in aid from the West in 1991, highlighting significant economic struggles and potential global economic impact."
1991-06-30,"US economic activities (foreign exchange intervention, trade agreements, debt forgiveness); US sanctions against South Africa; European Council confirms commitment to economic development.",African Economic Community established; India's economic crisis.
1991-07-31,US states show economic convergence; 1991 US economy vulnerable to environmental and commodity price fluctuations; weak dollar stimulates machinery exports; Public Law 102-73 details federal development funding.,"Increased economic activity expected between US and South Africa, suggesting normalization of relations after 1986 sanctions."
1991-08-31,US economy healthy and growing; Indian currency devalued in July 1991.,Desperate Russian economy confirmed post-Soviet dissolution; Gulf War broadly impacted the economy.
1991-09-30,Nissan sales up 24% in September; U.S. corporate sector debt buildup; NBER study on skill differentials in Canada.,"Philippines Senate rejected U.S. military base treaty, causing economic uncertainty."
1991-10-31,"US government involved in economic activities; US trade balance trended towards increased imports, decreased exports; US allocated $100M economic aid to Peru.",
1991-11-30,"US economy concerning, slipping into recession with record food stamp reliance. Engaged in free-trade negotiations and Asian economic discussions. Projected moderate growth (1.5-2.3% annually).",
1991-12-31,"US economy in recession, continuing slowdown from 1990-1991; Soviet economy in decline.","Commonwealth of Independent States (CIS) established December 21, 1991, amidst profound Soviet economic and political crisis."
1992-01-31,"Ongoing slow economic growth in OECD/US; substantial decline in US national saving rate; US economic issues, government securities market concerns; US-Korea presidential economic discussion.",
1992-02-29,"U.S. economy adapting post-Cold War, facing growth challenges; 1991 saw stagnant output, rising unemployment. Decreasing inflation/interest rates. Frequent economic sanctions cause short-term volatility.",
1992-03-31,"US economy faced issues with luxury excise tax, credit availability, and significant health-related economic impacts (diabetes, asthma); 1992 presidential election focused on economy and social issues.",Another nation's economy strengthened by privatizing government-owned hotels and businesses.
1992-04-30,US economic duress continues with rising costs and lost jobs. US considering emissions treaty; new analysis suggests lower economic costs.,"US lifted economic sanctions from Bosnia-Hercegovina, Croatia, Macedonia, and Slovenia on April 7, 1992."
1992-05-31,"US economy in early 1990s boom with infrastructure investment, $6T market size; ongoing 1990 economic reforms; increasing inequality; adapting to globalization and foreign competition.",
1992-06-30,"US faced economic problems, invoked emergency powers. Earth Summit discussed economic growth. European Council focused on world economy prosperity. OAS sanctioned Haiti.",
1992-07-31,US involved in NAFTA and North American economic integration. US trade deficit surged in July 1992; exports fell. US government promoted economic development and job creation.,Russian economy reported to be in a worse state by Yeltsin.
1992-08-31,"US economy in slow recovery from 1990-91 recession with persistent unemployment and large deficits. Expected to maintain global leadership, evolving with focus on human capital.",
1992-09-30,"Ongoing international economic cooperation and efforts to complete GATT Uruguay round. US economy shaped by immigration, healthcare policies, and efforts for reform and growth.",
1992-10-31,"Ongoing economic challenges related to government borrowing, competitiveness, low productivity, and high healthcare costs. US assisted former Soviet states in transition.","Enactment of the Energy Policy Act of 1992 on October 24, aiming to improve energy efficiency and reduce foreign oil dependence."
1992-11-30,"US economy was sluggish in 1992, a major concern in the presidential election, with noted economic growth slowdown. Some predicted a short-term upturn.",
1992-12-31,"Economic data from 1992 on trade, growth, consumption. European Council discussed economic policy and EMU. Exchange rates moved due to interest rate and growth differences. IMF report highlighted global economic weakness.",
1993-01-31,"US government provided economic assistance, tracked data, and established the National Economic Council. The Economic Report of the President 1993 was transmitted to Congress.",
1993-02-28,"US economy showed ongoing growth, driven by technology, while facing concerns over federal budget, consumer views, and the Federal Reserve's role.",
1993-03-31,US economy adjusting to the end of Soviet economic subsidies; continued rapid growth from late 1992; increased foreign ownership and control affecting the economy.,
1993-04-30,"US economic changes, discussions on socialist economy, and government-driven growth; US provided $1.6 billion aid to Russia; government speech and joint statement on economic plan.",
1993-05-31,"US economy officially reached the low point of the recession; government engaged in economic policy, trade agreements, and sanctions.",
1993-06-30,US economy experienced slow growth and high unemployment; IMF released its annual report highlighting the state of the world economy.,
1993-07-31,"Federal Reserve abandoned its policy tied to money supply in July 1993, potentially leading to economic fluctuations; continued restructuring in the auto industry.",
1993-08-31,US economy continued restructuring and growth; federal programs for immigrant integration were reduced; ceramic package industry faced precarious competitive position; research highlighted immigrant impact.,
1993-09-30,"US economy grew at 6% in early 1990s; El Paso economy experienced labor-intensive growth; Puerto Rico's economy closely integrated with US mainland; President Clinton gave a speech on Sep 14, 1993.",
1993-10-31,"US economy continued slow expansion (~2% GDP growth in Q3 1993). Fiscal deficit reached $290 billion (4.9% of GDP) in 1993, potentially increasing inflation and interest rates. Healthcare sector contributed to growth.",
1993-11-30,US banking system stability compared to Canada; US economy in recovery driven by rising exports; study estimated economic burden of depression; US involved in various economic and environmental initiatives.,
1993-12-31,US concerns about stability of strategic mineral-producing countries; diverse US industrial economy.,"North American Free Trade Agreement (NAFTA) signed on December 8, 1993."
1994-01-31,US government regulation and economic growth dynamics; ongoing geopolitical shifts; realized 1993 job growth and expected economic recovery.,Northridge earthquake caused significant property damage and projected short-term economic slowdown.
1994-02-28,IMF Annual Report 1994 published; U.S. Department of Commerce reported improved 1993 labor market.,United States government lifted 19-year trade ban on Vietnam.
1994-03-31,"US economy grew 7.5% in Q4 1993. Federal Open Market Committee (FOMC) meeting held March 22, 1994, to discuss economic and financial information.",
1994-04-30,"US economy recovering and growing, with foreign demand for travel increasing; government estimates benefits from PPE rules and public smoking ban.",
1994-05-31,"US economy was third-largest globally in 1994, experiencing a global recession with 2.5-3.0% growth. US government engaged in economic policy. Algeria's 1994 GDP was US$45 billion.",Venezuelan economy continued to experience instability due to past bank failures. Haiti faced economic hardships and unrest from declining markets for its products.
1994-06-30,New York region restored only one in seven jobs lost during recession as of June 1994. US government reiterated commitment to increasing global tourism market share in 1994.,
1994-07-31,Informal economy's significance with Hispanic women's role; US agricultural sector importance; economic liberalization's safety benefits; Bretton Woods system shattered in the 1990s; Nigeria's economic situation continued to deteriorate in 1994.,
1994-08-31,U.S. economy grew 3.7% annually in Q2 1994. Haiti embargo negatively impacted the economy. U.S. nonfarm business productivity jumped 3.0% in 1992. Government enacted economic laws and Executive Order 12924.,
1994-09-30,"US economy grew 10% from 1992 and added $4 billion to exports in 1994. US engaged in international economic, trade, and population agreements/conferences. Federal agencies provided economic data.",
1994-10-31,"US government enacted Executive Order 12930, signed bilateral investment treaties with Argentina, and passed other economy/trade-related laws in October 1994; economy focused on credit availability.",
1994-11-30,US economy created 18 million jobs in 1994; US concerned about GSP trade policy impact; World Bank estimated Chinese economy at 40% of US.,
1994-12-31,GATT panel rejected challenge to US fuel economy standards; US developed 1994 comprehensive economic strategy; IMF/OECD estimated US to have lowest G-7 budget deficit in 1995.,
1995-01-31,January 1995 US trade deficit increased to $12.2 billion; US economy showed long-term foreign control growth and a need for dramatic reform.,
1995-02-28,US economy showed steady growth; trade deficit decreased in February due to rising exports and falling imports. US government maintained focus on international competitiveness and global economic stability.,US government provided a $20 billion bailout to Mexico to aid its economic reform.
1995-03-31,"US economy expected slower growth in 1995; trade deficit was $9.1 billion in March, virtually unchanged from February.","Dollar continued to plunge in early March, raising concerns about the economic union of Mexico, Canada, and the US."
1995-04-30,"US goods and services trade deficit widened to $11.4 billion in April. US economy showed growth in 1995, while the global economy experienced a slowdown.",
1995-05-31,"US government policy and ongoing trade disputes with Japan shaped the economy. May 1995 US trade deficit was $11.4 billion; goods deficit unchanged at $16.5 billion, with increased goods exports/imports.",
1995-06-30,U.S. trade deficit increased to $11.3 billion in June 1995; Senate held hearing on Clinton's budget; government recognized telecommunications importance.,
1995-07-31,US trade deficit increased to $11.5 billion in July 1995; exports and imports decreased.,"Federal Reserve trimmed a key rate on July 7, 1995, the first cut since 1992."
1995-08-31,US economy faced stagnation and restructuring; telecommunications industry showed growing importance; international trade deficit decreased to $8.8 billion in August 1995; US provided $700M for investment in Poland.,
1995-09-30,"US economy shows growth and stability, with significant global investment. Monthly international trade deficit remained stable at $8.3 billion in September, with increased goods deficit and services surplus. Current US discount rate is 5.25%.",
1995-10-31,"US international trade deficit decreased to $8.0 billion in October; exports and imports both fell. Mexico repaid $700M loan early, signaling a growing US economy. Ongoing concerns about environmental regulations and trade impact.",Executive Order 12978 declared a national emergency to address threats to the US economy.
1995-11-30,"US economy experienced a slowdown and crisis in 1995 due to competitiveness. The monthly international trade deficit narrowed to $7.1 billion in November, with exports increasing and imports decreasing.",
1995-12-31,Realized US monthly trade deficit of $6.8 billion in December 1995; ongoing export control policies and transportation sector reforms; Republican policy on federal spending.,"Ongoing global events (Bosnian conflict, Iraq sanctions) impacting economy; peace agreement in Angola under US auspices."
1996-01-31,U.S. economy strong with low unemployment and inflation; aging population trends noted; January 1996 U.S. goods and services trade deficit increased to $10.3 billion.,
1996-02-29,U.S. economy expected to benefit from space sector investments; weak U.S. economic growth (0.9%) in Q4 1995 reported; U.S. trade deficit decreased by $1.7 billion in February 1996 due to rising exports.,
1996-03-31,"U.S. international trade deficit increased to $8.9 billion in March 1996, with exports decreasing and imports increasing. The U.S. maintained trade embargoes against Cuba and other countries.",
1996-04-30,"US economy is strong, attracting foreign investment. Congress is considering federal income tax reform. US recorded an $8.6 billion goods and services trade deficit in April 1996.",
1996-05-31,"Realized May 1996 US trade deficit increased to $10.9 billion, up $1.3 billion from April. General 1996 economic conditions included high European unemployment, rising US inequality, and disappointing growth.",
1996-06-30,U.S. international trade deficit decreased to $8.1 billion in June; U.S. participated in international economic discussions and agreements.,
1996-07-31,"U.S. international trade deficit increased to $11.7 billion in July, with exports decreasing and imports increasing.",
1996-08-31,"Monthly U.S. trade deficit decreased to $10.8 billion in August, with exports and imports both increasing.","National Gambling Impact Study Commission Act established; HIPAA enacted; increased use of US economic sanctions, including on Iran, affecting global economy."
1996-09-30,"U.S. goods and services deficit increased to $11.3 billion in September 1996, with exports decreasing and imports increasing. Economic status of U.S. households was improving.",
1996-10-31,"U.S. trade deficit decreased to $8.0 billion in October 1996, with exports increasing and imports decreasing. The Economic Espionage Act of 1996 was enacted on October 11.",
1996-11-30,"US economy was strong in 1996. November 1996 US goods and services deficit was $8.4 billion, up from October, with exports at $72.0B and imports at $80.4B.",
1996-12-31,Greenspan delivered a speech on central banking; U.S. signed a Bilateral Investment Treaty with Trinidad and Tobago; U.S. trade deficit increased in December due to decreased exports and increased imports.,
1997-01-31,"US international trade deficit increased to $12.7 billion in January 1997, up $2.2 billion from December 1996. Mexico repaid loan early 1997.",
1997-02-28,"US economy in sustained expansion with strong growth, increasing employment, and declining unemployment/welfare rolls.",
1997-03-31,"US trade deficit with Mexico increased, leading to job losses. Long-term decline in US middle class and slowing productivity growth noted. March US goods and services deficit decreased to $8.5 billion; exports and imports rose.",
1997-04-30,"U.S. international trade deficit widened to $8.4 billion in April 1997, up $0.6 billion from March, driven by increased imports and exports.",
1997-05-31,"US economy slowdown; Ecuador Bilateral Investment Treaty signed; IMF Southern Africa Economic Summit held; US trade deficit increased to $10.2 billion, exports decreased, imports increased.",
1997-06-30,"US Q1 1997 GDP reported on June 27; June 1997 US trade deficit decreased, exports rose, imports fell; US CPI used monthly; Asia fastest growing economic region; China expected to surpass US economy in ~20 years (as of 1997).",
1997-07-31,"July 1997 goods and services deficit widened to $10.3 billion; exports decreased, imports increased. Context includes 1996 budget plan, historical GDP trends, and expected global economic growth.",
1997-08-31,"US economy showed steady, low-inflationary growth, driven by productivity and strong labor market. Monthly trade deficit was $10.4 billion. Fed Chairman Greenspan noted unusual activity.",Thai economic crisis led to IMF approving a $3.9 billion stand-by credit for Thailand.
1997-09-30,"US economy showed sustained growth and competitiveness, but also rising unemployment; government concerned about Japan's economic weakness; NAFTA's job impact discussed.",
1997-10-31,"U.S. trade deficit decreased by $1.5 billion to $9.7 billion in October 1997; exports increased by $1.9 billion, imports by $0.3 billion.",
1997-11-30,"US economy strong in October, stock market rallied; BLS projected moderate long-term growth; November US trade deficit decreased to $8.0 billion.",US imposed new economic sanctions against Sudan.
1997-12-31,"US government published employment projections for 1996-2006, predicting short-term growth. US trade deficit increased to $10.8 billion in December 1997; exports grew slower than imports.","Kyoto Protocol adopted on December 11, 1997. The 1997 Asian financial crisis continued to affect global economies."
1998-01-31,U.S. international trade deficit increased to $12.0 billion in January 1998; exports and imports decreased.,Ongoing Asian crisis caused continued economic volatility and uncertainty.
1998-02-28,U.S. international trade deficit increased to $12.1 billion in February 1998; U.S. economy expanded at a solid pace in 1997 with 3.8% GDP growth.,Asian financial crisis of 1997-98 may have long-term implications for the U.S. economy.
1998-03-31,"US economy showed robust growth, strong consumer spending, and high confidence in late 1990s. March 1998 trade deficit was $13.0B, with goods deficit increasing $1.7B from February.","US imposed sanctions on Burma in 1998, harming American economic interests."
1998-04-30,"U.S. economy in 1998 showed strong growth and seven years of expansion, with ongoing policy initiatives. The international trade deficit increased to $14.5 billion in April 1998, with exports and imports both decreasing.",
1998-05-31,Federal Reserve reported US GDP little changed; economy expected to stabilize. General US economic characteristics and historical cost data.,
1998-06-30,US international trade deficit decreased to $14.2 billion in June 1998; exports and imports also decreased. US and China to cooperate on economic reform program. US maintains economic sanctions; economy may experience slowdown.,
1998-07-31,"U.S. international trade deficit increased to $13.9 billion in July 1998; exports and imports decreased; goods deficit increased, services surplus increased.",
1998-08-31,"US August 1998 international trade deficit was $16.8 billion, with the goods deficit increasing from July.","Potential Federal Reserve measures considered to address economic distress, with uncertain actions."
1998-09-30,"US economy robust and expanding, with healthy growth in California. September 1998 goods and services deficit decreased to $14.0 billion, expected to narrow further.",
1998-10-31,"October 1998 US trade deficit was $14.2 billion (goods deficit $20.6B, services surplus $6.4B); goods deficit decreased from September. US continues to run substantial trade deficits.",
1998-11-30,"Factual reports on US labor market trends, economic characteristics and projections, and the international trade deficit increasing to $15.5 billion in November 1998.",
1998-12-31,"US international trade deficit decreased to $13.8 billion in December 1998 due to lower imports and exports; ongoing discussions on antitrust, environment, wage inequality; IMF senior staff appointments.",
1999-01-31,"US economy showed strong growth in 1998, with falling unemployment and rising hourly earnings. January 1999 US trade deficit widened to $17.0 billion due to decreased exports and increased imports.",
1999-02-28,U.S. international trade deficit increased to $19.4 billion in February 1999; economy expected to continue growth with low inflation and further widening trade deficit.,
1999-03-31,"Federal Reserve monetary policy has a 1-2 year delay in affecting real output. U.S. economy projected for continued growth. New CPI estimator expected to lower inflation by 0.2%. March 1999 trade deficit was $19.7 billion, up $0.6 billion from February.",
1999-04-30,"US April international trade deficit was $18.9 billion, with exports at $78.0 billion and imports at $97.0 billion. US workweek declined in 1998 but aggregate hours rose. Computer ownership increased in the 1990s. China's state-owned enterprises faced declining competitiveness.",
1999-05-31,"US goods and services deficit widened to $21.3 billion in May 1999; ongoing economic changes, labor trends, and health-related economic burdens in the US.",
1999-06-30,"U.S. goods and services trade deficit increased to $24.6 billion in June, up $3.5 billion from May, with rising exports and imports. Overall U.S. economic growth continued, with service worker employment projections on target.",
1999-07-31,U.S. economy experienced sustained growth and expansion; monthly goods and services deficit increased to $25.2 billion in July 1999.,
1999-08-31,US economy had strong growth and subdued inflation; personal savings rate plummeted; August trade deficit decreased to $24.1 billion from $24.9 billion in July.,
1999-09-30,"US trade deficit increased to $24.4 billion in September 1999, driven by decreased exports and increased imports. US economy showed a growth trend.",
1999-10-31,"U.S. trade deficit increased by $1.8 billion to $25.9 billion in October 1999. The U.S. economy was growing in 1999, facing long-term challenges like poverty and potential pandemic impact.",
1999-11-30,November 1999 US trade deficit increased to $26.5 billion; ongoing concerns and preparations for Y2K bug; US economy showed growth and was a leading global trader.,
1999-12-31,December 1999 U.S. goods and services deficit decreased to $25.5 billion; November unemployment rate was 4.1%; economy experienced growth and a low-wage labor market sector.,
2000-01-31,"US economy maintained strong expansion; finance pay rose 7.4%. Trade deficit widened to $28.0B in January 2000, with decreased exports and increased imports.",
2000-02-29,"US economy maintained strong growth, robust labor demand, and low unemployment. International trade deficit increased in February 2000 due to decreased exports and increased imports.",
2000-03-31,"US economy experienced record growth in 2000; West Virginia reported highest unemployment in March. US trade deficit reached a record high, increasing to $30.2 billion for the month with rising exports and imports.",
2000-04-30,"US economy grew rapidly in April 2000, with demand exceeding sustainable pace. Goods and services deficit was $30.4 billion, a slight decrease from March.",
2000-05-31,"US economy strong with low GDP growth; April unemployment rate 3.9%; May trade deficit increased to $31.0 billion due to decreased exports and increased imports, indicating ongoing economic performance and challenges.",
2000-06-30,"US economic expansion continued with strong labor productivity, especially in computer factories. Asian economies recovered. June's goods and services deficit increased to $30.6 billion, with rising exports and imports. BLS reported labor data.",
2000-07-31,"US economy continued strong growth, low unemployment, and stable inflation; however, saving rates fell, and income inequality rose. The international trade deficit increased to $31.9 billion in July 2000.",
2000-08-31,"The US economy continued its growth trajectory, with the international trade deficit decreasing by $2.3 billion in August 2000, driven by increased exports and imports. General economic stability and productivity gains were expected.",
2000-09-30,"U.S. international trade deficit increased to $34.3 billion in September 2000, with exports decreasing and imports increasing.",U.S. and other major economies pumped billions into foreign exchange markets in September 2000 to stabilize the global economy.
2000-10-31,US economy had a large surplus in 2000; October 2000 saw a decrease in the international trade deficit with falling exports and imports; computer PPI fell in 1999.,
2000-11-30,"U.S. economy continued expansion with job growth, low unemployment, and increased trade activity. The international trade deficit decreased to $33.0 billion in November 2000.",
2000-12-31,"Strong US economy in 2000 (6.5% GDP growth), low welfare rolls, and high computer industry productivity. December trade deficit was $33.0 billion, slightly down from November.",
2001-01-31,"January 2001 U.S. trade deficit was $33.3 billion, up $0.1 billion from December 2000; exports and imports of goods increased. Projected real GDP growth for 2001-2002 at 3.2% per year, slower than potential output.",
2001-02-28,"US economy's global role and ongoing carbon tax debate. January unemployment rate rose to 6.0%. US economy decelerated sharply since mid-2000, continuing slow growth. US international trade balance deficit decreased by $6.3 billion in February 2001.",
2001-03-31,US economy experienced a slowdown in growth and its international trade deficit increased to $31.2 billion in March 2001. The US government was developing economic relations with South Korea.,
2001-04-30,"US economy continued its slowdown, with a pronounced slowdown observed in 2001. Manufacturing job decline and growing trade deficit continued. US trade deficit decreased in April as exports and imports declined.",
2001-05-31,"U.S. economy expected to experience slow to moderate growth; potential tax cuts to stimulate. May 2001 U.S. trade deficit decreased to $28.3 billion, with increased exports and decreased imports.",
2001-06-30,U.S. international trade deficit increased to $29.4 billion in June 2001; development aid reached post-WWII low share of economy; historical strong economic growth in late 1990s.,"Economic Growth and Tax Relief Reconciliation Act enacted on June 7, 2001, aiming for tax relief and economic stimulation."
2001-07-31,"US economy continued its slowdown; July 2001 international trade deficit was $28.8 billion, a slight decrease from June, with both exports and imports falling.",
2001-08-31,US economy showed signs of strength with rising leading indicators in July 2001; ongoing fluctuations due to healthcare and labor challenges; US is an engine of the world economy.,
2001-09-30,"US economy faltering with job losses, wage stagnation, and slowing growth; monthly international trade deficit of $18.7 billion.","Terrorist attacks on September 11, 2001; Executive Order 13224 issued to target terrorism and its supporters."
2001-10-31,U.S. economy slowed in 2001. Monthly international trade deficit increased to -$29.4 billion in October 2001.,"World economy slowed, aggravated by September 11 terrorist attacks, leading to new U.S. political, economic, and security challenges."
2001-11-30,"US GDP shrank in 3Q 2001; October 2001 unemployment rose to 5.4%, a 5-year high. Long-term US economic growth projected at 6.2% annually.",
2001-12-31,US economy in recession since March 2001; November CPI unchanged; December 2001 US goods and services deficit decreased to $25.3 billion; expected labor force diversification and growth (2000-2010).,
2002-01-31,US economy in recession; world economy experienced pervasive slowdown; US international trade deficit increased to $28.5 billion in January 2002.,Petroleum price shocks affected the economy; terrorist attacks aggravated world economic slowdown.
2002-02-28,U.S. economy showed sustained strength with low inflation; 2001 recession affected demand for paper products; USDA published milk pricing report; trade deficit increased to $31.5 billion in February.,"US economy added 353,000 jobs in February 2002, exceeding expectations."
2002-03-31,"U.S. economy slowed down; chronic trade deficit decreased to $31.6 billion in March, with increased exports/imports. Unemployment rates varied, and personal saving rate declined.",
2002-04-30,US trade deficit increased to $35.9 billion in April; March unemployment rate was 5.7%; corporate profits rose in 2002; IMF reported on the underground economy.,
2002-05-31,"May 2002 US trade deficit was $37.6 billion, a $1.5 billion increase from April; economy continued slowdown with rising unemployment and global weakening impacting trade.",
2002-06-30,"June 2002 U.S. international trade deficit reported at $37.2 billion, with a decrease in the goods deficit and services surplus. Ongoing significant U.S. current account deficit noted.",
2002-07-31,"CBO projects continued economic growth with challenges. USTR report confirms U.S. as an open economy, expecting growth from trade. National Shoreline Management Study is assessing economic impacts. Midwest employment data from 2000 noted.",
2002-08-31,US goods and services deficit widened to $38.5B in August; July unemployment was 5.9%; Q2 median weekly earnings were $608; ongoing effects from FSP expenditures and trade agreements.,"Discussions on potential war against Iraq and its uncertain long-term economic impact, including short-term effects from increased military spending."
2002-09-30,"U.S. economy in 2002 faced high inflation, low productivity, and a large trade deficit. The September 2002 trade deficit was $38.0 billion, a slight decrease from August, with reduced exports and imports. Average 2001 pay increase was 2.5%.",
2002-10-31,"US economy experienced jobless recovery, sluggish GDP growth. Mass layoffs decreased in September 2002. October's trade deficit was $35.1 billion, with goods deficit down and services surplus up.",West Coast ports dispute costing America's economy $1 billion a day.
2002-11-30,"US economy assessed as resilient and stable by Ben Bernanke on Nov 21. November trade deficit reported at $40.1 billion ($83.2B exports, $123.3B imports).",
2002-12-31,"US economy impacted by various factors; high unemployment in 2002. US international trade deficit increased to $44.2 billion in December 2002, with exports decreasing and imports increasing.",
2003-01-31,"U.S. trade deficit decreased to $41.1 billion in January 2003; exports increased, imports decreased. U.S. headed for record trade deficit of nearly $500 billion in 2002. U.S. monetary authorities did not intervene in foreign exchange markets. US Department of State held meeting at World Economic Forum in Davos.",
2003-02-28,U.S. President outlined State of the Union; January jobless rate dropped to 5.7%; February U.S. international trade deficit was $40.3 billion.,
2003-03-31,U.S. goods and services deficit reported for March 2003; ongoing economic discussions and job growth concerns; historical economic data on unemployment and healthcare costs.,"Start of the Iraq War in March 2003, potentially impacting public confidence in the U.S. economy."
2003-04-30,"US reported a $42.0 billion goods and services trade deficit in April 2003. The economy faced unresolved issues, following a downturn and extended mass layoffs in 2002.",
2003-05-31,U.S. international trade deficit increased to $41.8 billion in May 2003; exports and imports rose. Government working on fuel economy reforms.,
2003-06-30,June 2003 U.S. international trade deficit reported at $39.5 billion; U.S.-Chile Free Trade Agreement under assessment; ongoing trade negotiations impacting economy.,"U.S. and E.U. agreed to collaborate on hydrogen economy on June 25, 2003."
2003-07-31,"July 2003 U.S. trade deficit was $40.3 billion, with goods deficit increasing and services surplus decreasing. Broader 2003 context includes a significant overall trade deficit.",
2003-08-31,"US lost over 2M factory jobs in past 2 years. August 2003 saw 275K jobs added, but unemployment rose to 3.9%. Monthly trade deficit was $39.2B, a slight decrease from July.",
2003-09-30,"U.S. trade deficit widened in September 2003. The economy showed mixed signals: expected agricultural improvement and ongoing productivity gains, alongside lingering 9/11 impacts, slow recovery, and continued challenges from 2002's falling household income and poverty.",
2003-10-31,U.S. international trade deficit increased to $41.8 billion in October 2003; BLS reported Q3 earnings and occupation data.,
2003-11-30,U.S. trade deficit narrowed to $38.0 billion in November 2003 due to increased exports and decreased imports. Unemployment rate was 6%; GDP grew 7.2% in 2003.,
2003-12-31,November 2003 unemployment rates reported; December 2003 goods and services trade deficit increased to $42.5 billion.,"Mad cow disease outbreak expected to cause significant losses in the beef industry, potentially affecting the economy."
2004-01-31,"US economy on sustained growth path; Dec 2003 unemployment data available. January 2004 US trade deficit increased to $43.1 billion, up $0.4 billion from Dec 2003.",Report highlighted risk of US recession and global economic hard landing.
2004-02-29,US and Kuwait signed a trade agreement; US economic expansion firmed with low inflation; international trade deficit decreased to $42.1 billion; weak labor markets and lackluster employment growth persisted.,
2004-03-31,"BLS reported on employment growth in service sector; US economy impacted by trade policies, fuel standards, and crises; US economy experiencing a 12-year consumer spending boom and recovering from recession; March 2004 US trade deficit was $46.0 billion.",
2004-04-30,"April's goods and services deficit reached $48.3 billion, an increase from March. General economic facts on US productivity, unemployment, and CPI dynamics were noted, with expected continued recovery.","US eased economic embargo against Libya on April 23, 2004."
2004-05-31,"U.S. May 2004 goods and services deficit was $46.0 billion, a $2.1 billion decrease from April. US economy added 303,000 jobs in March 2004; unemployment 3.8%.",
2004-06-30,US economy grew in Q1 2004; May unemployment rate held at 5.6%; June 2004 international trade deficit increased by $8.9 billion to $55.8 billion.,
2004-07-31,July 2004 U.S. trade deficit decreased to $50.1 billion; economic expansion established in H1 2004; AGOA Acceleration Act of 2004 enacted; ongoing concerns about trade deficit and inflation.,
2004-08-31,US economy showed long-term growth (1993-2003) and declining current-account balance since 1991. California's economy was nearly $1.5 trillion in 2004. August 2004 US trade deficit increased to $54.0 billion.,
2004-09-30,"August 2004 unemployment rate was 5.4%, little changed from July; September 2004 U.S. international trade deficit decreased to $51.6 billion.",
2004-10-31,October US trade deficit widened to $55.5 billion; US dollar depreciated slightly; economy affected by high oil prices; U.S.-Bahrain FTA expected to benefit.,
2004-11-30,"US November 2004 trade deficit was $60.3 billion, $4.3 billion higher than October, with decreased exports and increased imports. October 2004 unemployment rate reported.",
2004-12-31,"December 2004 U.S. trade deficit decreased to $56.4 billion due to increased exports. November unemployment 5.4%, with expected holiday hiring. November CPI-U up 0.2%.",
2005-01-31,"US economy grew at or above potential; expected 4% growth with job acceleration. January 2005 trade deficit was $58.3 billion, up from December 2004.",
2005-02-28,U.S. trade deficit increased to $61.0 billion in February 2005. January unemployment rate decreased. Rising healthcare spending and environmental damage posed ongoing challenges to economic growth.,
2005-03-31,"U.S. economy faced ongoing costs from mercury poisoning, a growing current account deficit, and reported 3.3 million job openings in January. March trade deficit decreased to $55.0 billion.",
2005-04-30,"Real average hourly earnings increased 0.8% (Dec-Apr 2005). The U.S. current account deficit is causing rising indebtedness, and the April 2005 trade deficit reached $57.0 billion, up $3.4 billion from March.",
2005-05-31,"Monthly US trade deficit was $55.3 billion in May, a slight decrease from April. High and rising healthcare costs continued. BLS reported 2004 employment trends.",
2005-06-30,"May 2005 unemployment rate reported at 5.1%, unchanged. June 2005 US trade deficit widened to $58.8 billion. IMF expressed concern about global imbalances; G8 Summit had $200M economic impact. Decline in US farm population and agriculture's rural role. Australia's GDP per capita nearly 80% of US.",
2005-07-31,US economy continued solid expansion in H1 2005 despite high energy prices; ongoing growth with increasing imports; international trade deficit decreased in July 2005.,
2005-08-31,U.S. economy in strong expansion with low unemployment (5.0%) and inflation. August 2005 goods and services trade deficit increased to $59.0 billion.,
2005-09-30,August 2005 unemployment rate remained steady. September 2005 U.S. trade deficit increased by $6.8 billion from August to $66.1 billion.,
2005-10-31,Realized September 2005 unemployment (5.1%) and CPI-U (1.2% increase); October 2005 trade deficit increased to $68.9 billion; continued inflation expected.,Lingering economic impact from Hurricane Katrina.
2005-11-30,US international trade deficit decreased in November 2005; US economy grew 3.6% in H1 2005; 2005 personal saving rate and public debt reported.,Ongoing gasoline price fluctuations due to supply chain disruptions from hurricanes Katrina and Rita.
2005-12-31,US economy grew at 3.6% annual rate; Federal Reserve released industrial data; job growth was low with falling employment rate; and the monthly trade deficit widened to $65.7 billion.,
2006-01-31,"U.S. economy grew 1.1% in Q4 2005, its slowest in three years. January 2006 goods and services deficit rose to $68.5 billion, up $3.4 billion from December. Growth in services outsourcing to India continued.",
2006-02-28,"U.S. economy maintained strong GDP growth since 2001; January 2006 unemployment rate decreased to 4.7%; February 2006 U.S. international trade deficit was $65.7 billion, a decrease from January; Fed Chairman Bernanke expressed no concern over China's US debt holdings.",
2006-03-31,"U.S. monthly trade deficit was $62.0 billion in March 2006, a decrease from February. Economy indicators available, with expected job fluctuations due to seasonal adjustments and continued growth.",
2006-04-30,March 2006 unemployment rate was 4.7%; April 2006 international trade deficit increased to $63.4 billion.,
2006-05-31,"US economy accounts for 30% of world economy. April 2006 unemployment rate was 4.7%. May 2006 US goods and services deficit increased to $63.8 billion, up $0.5 billion from April, with exports up $2.7B and imports up $3.2B.",
2006-06-30,"US economy showed strong Q1 2006 performance and continued job growth. June 2006 international trade deficit was $64.8 billion, a slight decrease from May but up from June 2005, with increased exports and imports.",
2006-07-31,U.S. economy expanded in H1 2006; June unemployment rate reported; overseas investments yielded higher returns; personal saving rate declined; July trade deficit increased to $68.0 billion.,
2006-08-31,"U.S. international trade deficit increased to $69.9 billion in August 2006, with rising exports and imports. The U.S. economy maintained full employment and robust growth, continuing its rebound from Hurricane Katrina.",
2006-09-30,US unemployment rate for August 2006 was 4.7%. US international trade deficit decreased to $64.3 billion in September 2006.,
2006-10-31,"September 2006 saw 4.6% unemployment and 0.5% CPI-U decline; October 2006 U.S. trade deficit decreased to $58.9 billion; economy expected to maintain growth, low unemployment, and stable inflation.",
2006-11-30,"U.S. economy slowdown and balanced global expansion; October CPI-U declined 0.5%; November trade deficit decreased to $58.2 billion, with increased exports and services surplus; Asia-Pacific economic dynamism.",
2006-12-31,"U.S. economy decelerated in 2006, with employment growth slowing and housing boom ending. The goods and services deficit increased to $61.2 billion in December 2006 due to higher imports.",
2007-01-31,January 2007 US trade deficit was $59.1 billion (down from Dec). US-China trade surged to $4.9 billion. 2006 federal deficit was 1.9% of GDP; US poverty rate was 13%.,
2007-02-28,"US international trade deficit decreased to $58.4B in Feb 2007. Continued economic growth expected, building on solid 2006 performance.",
2007-03-31,"US economy exhibited strong growth, falling unemployment, and consumer-driven expansion. March trade deficit increased to $63.9 billion, driven by strong imports; concerns over debt and freight issues.",
2007-04-30,US economy slowdown due to housing decline and credit tightening. March 2007 unemployment rate 4.4%. April 2007 U.S. international trade deficit decreased. Ongoing global economic integration and pressure from India/China.,
2007-05-31,U.S. international trade deficit increased from $58.7B in April to $60.0B in May. Expected short-term growth in logistics and infrastructure industries.,
2007-06-30,"U.S. international trade deficit decreased to $58.1 billion in June 2007, with exports increasing; May 2007 CPI-U advanced 0.7 percent.",
2007-07-31,U.S. CPI-U advanced 0.2% in June 2007; international trade deficit decreased to $59.2 billion in July 2007 due to increased exports and imports.,
2007-08-31,"IMF expected US economy soft landing and growth pickup. US economy had weak Q1 2007 GDP growth. August 2007 US trade deficit decreased to $57.6 billion, with exports up and imports down.",
2007-09-30,U.S. housing bubble indicating looming recession; August CPI-U declined 0.1% (first since Oct 2006); September trade deficit was $56.5 billion.,
2007-10-31,US unemployment rate was 4.7% (Sept 2007); October 2007 goods and services deficit reached $57.8 billion; US economy experienced foreign investment and trade deficit with Japan declined.,
2007-11-30,"U.S. international trade deficit increased to $63.1 billion in November 2007; Economy became the 'most important problem' for Americans, per Gallup poll.",
2007-12-31,"Factual reports on December 2007 U.S. trade deficit, November and December 2007 unemployment rates, 2006 budget deficit, and U.S. hog production trends.",
2008-01-31,"Q4 2007 economic slowdown with weakening manufacturing and housing sectors. CPI increased 4.1% in 2007; continued inflationary pressures. US trade deficit rose to $58.2 billion in January 2008, expected to increase further. Predictions of potential US recession and increased unemployment.",
2008-02-29,"2007 GDP growth slowdown reported. January 2008 nonfarm payrolls unchanged, CPI increased. February 2008 trade deficit widened. Predictions of continued economic slowdown, potential recession, and widening trade deficit.",
2008-03-31,US GDP stable Q3-Q4 2007; 2007 unemployment rate unchanged; Iraq war costs projected over $1 trillion by 2017; US current account deficit improved 2007; March trade deficit decreased to $68.6 billion.,
2008-04-30,April 2008 goods and services deficit rose to $60.9 billion; QCEW data used for wage and salary component of personal income.,US unemployment rate rose to 5.1% in March 2008; economy a major concern with lowest satisfaction since 1992 and weakened dollar.
2008-05-31,U.S. international trade deficit decreased in May 2008; ongoing economic recovery and growth in outsourcing; 3.7 million job openings as of March 2008.,
2008-06-30,U.S. economy faces financial stability challenges; CPI-U advanced 0.6% in May 2008; U.S. goods and services deficit decreased in June 2008 with rising exports and imports.,
2008-07-31,"U.S. nonfarm payroll employment declined by 62,000 in June 2008, continuing a trend. U.S. goods and services deficit widened to $62.2 billion in July 2008, up from June.",
2008-08-31,"Housing and Economic Recovery Act enacted. Q2 GDP released. July unemployment rose to 5.7%. August trade deficit decreased. Various economic data releases (income, poverty, job openings, youth unemployment).",
2008-09-30,"U.S. international trade deficit decreased in September 2008, with exports decreasing by $9.9 billion and imports decreasing by $12.5 billion.",
2008-10-31,U.S. goods and services deficit increased to $57.2 billion in October 2008; exports and imports decreased. General economic volatility and uncertainty continued.,Ongoing financial crisis caused instability and volatility in the economy.
2008-11-30,Real GDP increased in Q2 2008; CPI-U decreased 1.0% in October; trade deficit narrowed significantly in November due to decreased exports/imports; forecasts of continued economic slowdown and recession.,Ongoing impact of global financial crisis and freeze in credit markets.
2008-12-31,"US economy in recession due to sub-prime mortgage crisis. US goods and services deficit decreased in December 2008, with exports and imports falling.",
2009-01-31,"Economy continued to struggle from 2008 crash; high unemployment (7.2% Dec 2008), increased part-time work, declining CPI-U, and a shrinking trade deficit in Jan 2009.",
2009-02-28,"U.S. international trade deficit decreased to $26.0 billion in February 2009, with exports increasing and imports decreasing. Economy continued slowdown amid financial crisis.",
2009-03-31,"US economy in recession with mass layoffs, peaking unemployed persons per job opening in March. Goods and services deficit increased, and deflation concerns heightened.",
2009-04-30,March 2009 unemployment rate rose to 8.5%. U.S. international trade deficit increased from March to April. Global economy in recession with continued challenges and declining producer prices.,
2009-05-31,"U.S. GDP shrank 6.1% in Q1 2009, unemployment rose to 8.9% in April. $4.6 billion from Recovery Act appropriated for civil works. Trade deficit decreased in May, potentially boosting growth.",
2009-06-30,"US economy in recession with rising unemployment (9.4% in May), declining home prices, and an increasing trade deficit ($27.0B in June). Lingering effects of 2008 oil prices and the education gap persist.",
2009-07-31,IMF reported receding contractionary forces and expected weak recovery. U.S. trade deficit increased to $32.0 billion in July from $27.5 billion in June.,
2009-08-31,GDP by Major Social Function released; House passed Western Economic Development Act; CPI-U unchanged in July; U.S. trade deficit decreased in August.,
2009-09-30,"U.S. international trade deficit increased to $36.5 billion in September 2009, with imports rising more significantly than exports.",
2009-10-31,US GDP decreased in Q2 2009 at a slower rate; September PPI for finished energy goods fell 2.4%; October US international trade deficit decreased by $2.8 billion to $32.9 billion.,
2009-11-30,"U.S. unemployment reached 10.2% in October 2009, highest since 1983. Consumer prices declined. Trade deficit widened to $36.4 billion in November.",
2009-12-31,"US unemployment rate for November 2009 was 10.0%; international trade deficit increased to $40.2 billion in December 2009, with continued high unemployment and slow growth expected.",
2010-01-31,US international trade deficit decreased by $2.6 billion in January due to lower imports; strong US GDP growth reported for Q4 2009.,
2010-02-28,U.S. international trade deficit increased to $39.7 billion in February 2010; real per capita GDP growth was relatively flat; CPI-U rose 0.2% in January.,
2010-03-31,US international trade deficit increased to $40.4 billion in March 2010; February 2010 unemployment remained at 14.9 million; ongoing national debt and slow economic growth.,
2010-04-30,US economy continued in recession; March 2010 unemployment rate was 9.7%; April 2010 goods and services deficit increased $11.8 billion year-over-year due to rising exports and imports.,
2010-05-31,US economy in slow recovery with stable unemployment and ongoing budget deficits. International trade deficit widened in May due to increased imports and exports.,
2010-06-30,May 2010 unemployment rate reported at 9.7%; June trade deficit widened to $49.9 billion; ongoing government rural economic development initiatives.,Concerns over euro crisis impact on U.S. economy.
2010-07-31,"U.S. trade deficit with Korea expected to increase, displacing jobs due to FTA; Gulf oil spill's broader economic impact assessed as negligible; Predicted slight economic boost from World Cup.",
2010-08-31,"US economy in August 2010 showed slow growth, high debt, and 9.5% unemployment in July. Government implemented small business plans; digital economy flourished. US international trade deficit increased to $46.3 billion.",
2010-09-30,"U.S. trade deficit decreased to $44.0 billion in September. Ongoing discussions on obesity, corn ethanol, Internet's economic impact, and environmental policy evaluation.",
2010-10-31,U.S. goods and services deficit decreased to $38.7 billion in October due to increased exports and decreased imports. Economy expected to continue slow growth and high unemployment.,
2010-11-30,U.S. international trade deficit slightly decreased to $38.3 billion in November 2010. Ongoing economic burden from healthcare costs and traffic congestion.,
2010-12-31,"U.S. economy showed significant progress post-recession; employment rate was up, layoffs down, and wages modestly improved. The international trade deficit increased to $40.6 billion.",
2011-01-31,US unemployment rate dropped to 9.4% in Dec 2010; economy struggles post-recession. Goods and services deficit significantly increased from Jan 2010 to Jan 2011 and from Dec to Jan.,
2011-02-28,US-Canada 'Beyond the Border' declaration on economic competitiveness; US unemployment rate declined to 9.0% in January 2011; US economy's global role and agricultural exports; growing compensation-productivity gap; US international trade deficit decreased in February 2011.,
2011-03-31,"US jobless rate 9.6% (2010), CPI-U up 2.1% (Feb 2011 YOY). March 2011 trade deficit widened by $8.7B (YOY), with exports up 14.9% and imports up 16.4%. Unemployment duration reported.",Effects of Japan's earthquake and tsunami.
2011-04-30,US unemployment rate was 8.8% in March 2011; April international trade deficit narrowed to $43.7 billion from $46.8 billion in March.,
2011-05-31,"April 2011 US unemployment rate was 9.0%. May 2011 US trade deficit reached $50.2 billion, up from $43.6 billion in April.",
2011-06-30,US unemployment rate for May reported at 9.1%; IMF noted global slowdown and disappointing US growth; US trade deficit increased to $53.1B in June.,
2011-07-31,U.S. international trade deficit decreased to $44.8 billion in July 2011. June 2011 unemployment rate was 9.2%. U.S. economy continued modest recovery; historical labor force and financial crisis data reported.,
2011-08-31,"US unemployment was 9.1% in July 2011, reflecting slow growth. The August 2011 trade deficit was $45.6 billion, virtually unchanged from July, indicating continued stability.",
2011-09-30,"U.S. international trade deficit decreased to $43.1 billion in September 2011; exports increased, imports increased. August 2011 unemployment rate was 9.1%.",European sovereign debt crisis and growing trade deficit with China potentially affecting U.S. economic growth.
2011-10-31,"U.S. international trade deficit decreased by $0.7 billion to $43.5 billion in October, with goods deficit decreasing and services surplus remaining stable.",
2011-11-30,"US international trade deficit increased to $47.8 billion in November 2011. October 2011 unemployment was 9.0%, and CPI rose 3.5% year-over-year.",
2011-12-31,Continued economic growth challenges and job creation issues; slow recovery with potential for increased trade; U.S. international trade deficit increased to $48.8 billion in December 2011; increased economic cooperation with Asia-Pacific nations.,
2012-01-31,"U.S. international trade deficit increased to $52.6 billion in January 2012. General economic facts include GDP per capita data availability, tourism's role in GDP, and a drop in economic satisfaction since 2008.",
2012-02-29,"US union membership rate for 2011 reported at 11.8%, unchanged. US economy remains below pre-2007 recession levels with high unemployment. US experiencing demographic transformation. CBO estimates impact of American Recovery Act. US international trade deficit decreased by $6.5 billion in February.",
2012-03-31,U.S. international trade deficit increased to $51.8 billion in March 2012; economy in prolonged slump with growing intellectual property industries.,
2012-04-30,March 2012 national jobless rate was 8.2%. U.S. international trade deficit decreased to $50.1 billion in April.,
2012-05-31,US and Japan outlined economic cooperation; US economy added private sector jobs for 26 consecutive months; national cost of pain estimated at $560-$635 billion; US international trade deficit decreased to $48.7 billion in May 2012.,
2012-06-30,U.S. consumer prices were up 2.6% (May 29). Goods and services deficit decreased in June due to increased exports and decreased imports.,
2012-07-31,"US economy supported by foreign investment; current account measures trade flows. Trade deficit increased to $42.0 billion in July from $41.9 billion in June. General economic growth, innovation, and demographic contributions noted.",
2012-08-31,US international trade deficit increased to $44.2B in August 2012 due to decreased goods exports. BLS reported July 2012 employment data. Record decline in government jobs contributed to unemployment.,
2012-09-30,"US economy showed slow growth, distress, and deteriorated international competitiveness. August 2012 unemployment and labor force participation decreased. September 2012 trade deficit narrowed to $41.5 billion.",Passage of the DREAM Act expected to add $329 billion and 1.4 million jobs by 2030.
2012-10-31,"Realized October trade deficit of $42.2 billion; continued slow growth, high unemployment, and vulnerability; seasonal monetary policy fluctuations expected.",Continued volatility from tail risks and fiscal policy mistakes; higher recession risk if fiscal cliff not averted.
2012-11-30,Realized facts: US employment/unemployment reported for Sep 2012; US economy continued slow growth; trade deficit increased to $48.7B in Nov 2012.,
2012-12-31,"US trade deficit decreased to $38.5B in December. Labor market 3.7M jobs below pre-recession levels, with slow growth and high unemployment. Ongoing currency manipulation and drought impact on corn prices.",
2013-01-31,"U.S. goods and services deficit was $44.4 billion in January 2013, up from December; exports decreased, imports increased. U.S. Economic Confidence Index averaged -18 (Jan 7-13).",
2013-02-28,"U.S. economy growing, driven by exports and domestic production. High public debt threatens interest rates and private investment. Goods and services deficit decreased in February 2013, with increased exports and imports.",
2013-03-31,"US international trade deficit decreased by $4.8 billion to $38.8 billion in March 2013, with exports of $184.3 billion and imports of $223.1 billion.",
2013-04-30,High Millennial unemployment impacts growth. US economy shows strength in bioscience (Illinois) and salmon consumption. April trade deficit increased to $40.3 billion from $37.1 billion in March.,
2013-05-31,"US economy in slow recovery, driven by innovation and immigration. May 2013 saw a widening goods and services deficit ($45.0B), with exports decreasing and imports increasing. Discussions on carbon tax and tariff reforms continued.",
2013-06-30,"U.S. international trade deficit decreased by $9.9 billion from May to June; exports increased, imports decreased, and services surplus increased. Economy expected to continue slow growth and high unemployment.",
2013-07-31,Federal Reserve approved Basel III capital reforms; IMF updated US growth outlook; US international trade deficit increased in July; ongoing concerns about trade agreement impacts.,
2013-08-31,U.S. economy continued recovery from Great Recession; dependence on foreign capital inflows; August international trade deficit increased to $38.8 billion.,
2013-09-30,"U.S. domestic oil/gas production resurgence, robust farm economy, and ongoing economic growth. International trade deficit increased to $41.8 billion in September 2013 due to decreased exports and increased imports.",
2013-10-31,U.S. international trade deficit decreased in October 2013; exports and imports rose. Long-term trade deficit trends and shale boom also noted.,Government shutdown and political gridlock in Washington caused economic uncertainty and potential instability; debt ceiling risks also present.
2013-11-30,US remained world's largest FDI recipient; US continued as world's second largest broiler meat exporter; 2013 report on copyright industries' economic contributions published; US trade deficit decreased by $5B to $34.3B in November 2013.,
2013-12-31,"US economy grew in 2013; taxes slashed for wealthiest, public investments reduced; December 2013 trade deficit was $38.7 billion, up from November.",
2014-01-31,"U.S. international trade deficit for January 2014 was $39.1 billion; economy shows continued growth in consumer spending, confidence, and projected labor force participation.",
2014-02-28,US GDP growth slowed in 2013; healthcare cost growth historically slow. US trade deficit increased to $42.3 billion in February 2014 due to decreased exports and increased imports. Economy expected to continue slow growth.,
2014-03-31,"U.S. economy shows sustained growth, driven by consumer spending, foreign investment, and exports benefiting from dollar depreciation. March 2014 trade deficit decreased to $40.4 billion with moderate export/import growth.",
2014-04-30,"U.S. international trade deficit widened to $47.2 billion in April, up from $44.2 billion in March, due to $193.3 billion in exports and $240.6 billion in imports.",
2014-05-31,"US GDP showed continued growth; May 2014 US international trade deficit decreased to $44.4 billion, driven by increased exports and decreased imports.",
2014-06-30,"US economy expected to rebound in Q2 2014; June trade deficit decreased with exports up, imports down; increased domestic energy production noted.",
2014-07-31,"General U.S. economic outlook includes discussions on GDP growth, employment, and federal spending. The U.S. international trade deficit decreased by $0.3 billion in July 2014.",
2014-08-31,August 2014 US trade deficit narrowed to $40.1B; jobless rate remained above 15%. US prevailed in a WTO trade dispute. Tax code favors overseas investment; energy/mining industries are significant.,
2014-09-30,"US had slow-but-steady hiring trend; international trade deficit increased to $43.0 billion in September 2014, with exports decreasing.",
2014-10-31,"U.S. economy showed continued recovery and growth, supported by consumer spending and manufacturing. October's goods and services deficit was $43.4 billion, slightly down from September, with rising exports and imports.",
2014-11-30,US economy grew in Q3 2014; recovery fragile but showed strong bounce-back; monthly international trade deficit decreased in November.,US and China reached a visa agreement expected to boost tourism and economy.
2014-12-31,"US economic recovery achieved record job creation in 2014; monthly goods and services deficit increased to $46.6 billion in December; ongoing slow growth, food insecurity, and poverty persisted, with continued growth expected.","IMF raised US growth projections, unique among major economies, despite sharp drop in oil prices."
2015-01-31,"US unemployment rate decreased, payroll employment increased, and the goods and services deficit decreased in January 2015.",
2015-02-28,US international trade deficit decreased by $7.2 billion to $35.4 billion in February 2015 due to lower imports; economy continued recovery and growth.,
2015-03-31,"March 2015 goods and services deficit increased to $51.4 billion (up $15.5 billion from Feb), with imports rising significantly more than exports.",
2015-04-30,U.S. goods and services deficit decreased to $40.9 billion in April from $50.6 billion in March; economy experienced slow GDP growth and declining labor force participation.,
2015-05-31,"Monthly international trade deficit increased to $41.9 billion in May, with exports decreasing. U.S. economy generally expected to continue growth, but with concerns about sluggishness and foreign growth slowdown.",
2015-06-30,US economy returning to growth with vulnerabilities and modest industry-driven expansion; international trade deficit increased in June 2015; potential slight interest rate increase.,
2015-07-31,"July 2015 goods and services deficit decreased to $41.9 billion; exports increased, imports decreased. Economic Development Administration provides ongoing support. Q1 2015 economy was affected by unfavorable weather.",
2015-08-31,BEA began publishing a new 'average of GDP and GDI' measure; Economic Census released manufacturing statistics; U.S. Department of Commerce outlined strategic goals.,"U.S. war shattered the Afghan economy, leaving Afghans facing famine."
2015-09-30,"U.S. international trade deficit decreased in September 2015, driven by increased exports and decreased imports.",
2015-10-31,"US goods and services deficit widened to $43.9 billion in October, expected to continue widening short-term. Economy expected to grow, driven by innovation, despite credit market debt volatility and ongoing Cuba embargo.","Historic settlement with Gulf states expected to boost economy. Indonesia's fires' daily emissions exceeded US economy, impacting global economy."
2015-11-30,US goods and services deficit decreased to $42.4 billion in November 2015. Q3 productivity increased by 1.6% annually. Fiscal challenges from national debt persist.,
2015-12-31,"December 2015 saw the goods and services deficit increase to $43.4 billion, with exports decreasing and imports rising. The US economy continued to experience income inequality and slow growth below historical averages.",
2016-01-31,US international trade deficit increased in January 2016; 2015 GDP growth and metropolitan area drivers reported; ongoing TPP expectations and presidential confidence in US economy.,
2016-02-29,"Realized February goods and services deficit increased to $47.1B; US economy completed best two years of job growth since 1990s; ongoing government efforts in food systems, cybersecurity, and bioeconomy.",
2016-03-31,"March 2016 goods and services deficit was $40.4B, down $6.5B from February, with decreased exports and imports. Employment in the West outpaced other US regions, driven by high-wage services growth. US biotech sector revenue grew >10% annually over the past decade. Federal government spending distributed to states for programs. U.S. Census Bureau released economy-wide statistics.",
2016-04-30,"U.S. international trade deficit increased to $37.4 billion in April 2016. Low inflation, strong dollar, and budget surplus continued. Government efforts to increase competition and consumer information were ongoing. Slow economic growth persisted due to lack of immigration reform.",
2016-05-31,"U.S. real GDP grew 1.4% in Q4 and Q1. May's goods and services deficit widened to $41.1 billion (increased imports, decreased exports). USITC released TPP impact report.",
2016-06-30,U.S. goods and services deficit widened to $44.5 billion; international trade deficit rose to $63.3 billion in June.,
2016-07-31,U.S. economy continued slow growth; international trade deficit decreased in July 2016 due to increased exports and decreased imports; rising healthcare costs and small business support noted.,
2016-08-31,"August goods and services trade deficit reported at $40.7 billion, up from July. Wholesale inventories decreased 0.1%, retail inventories increased 0.5%.",
2016-09-30,"U.S. international trade deficit decreased in September 2016; exports increased, imports decreased. US and China reaffirmed G-20 exchange rate commitments. Median household income in US for 2015 increased.",
2016-10-31,"U.S. international trade deficit increased significantly in October 2016; Q3 2016 GDP growth was boosted, driving expectations for continued short-term economic growth.",
2016-11-30,US unemployment rate declined to 4.6% in November 2016; trade deficit widened to $45.2-65.3 billion as exports decreased and imports increased.,Uncertainty arose from the US presidential election and potential changes in trade agreements.
2016-12-31,Monthly international trade balance was $44.3B (deficit $65.0B) in Dec 2016. White House released AI report. Economy achieved longest job growth streak (74 months).,
2017-01-31,"U.S. economy added 156,000 jobs in December; January goods and services deficit was $48.5 billion, and international trade deficit was $69.2 billion, both up from December.","Inauguration of new U.S. administration (Jan 20, 2017) and anticipated policy shifts."
2017-02-28,"U.S. goods and services deficit narrowed to $43.6B in February; international trade deficit narrowed to $64.8B due to decreased imports. General economic growth, consumer spending, and trade were expected to continue.",
2017-03-31,"General US economic growth trends; March trade deficit showed mixed reports (slight decrease or increase); exports and imports generally decreased; wholesale inventories down, retail inventories up.",
2017-04-30,"US trade deficit increased in April 2017, with exports decreasing and imports increasing. General economic contributions from agriculture, manufacturing, arts, and ocean/Great Lakes sectors.",
2017-05-31,"May goods and services deficit was $46.5 billion; international trade deficit was $65.9 billion, both down from April. Reports on agriculture, fishing, and tire manufacturing.",
2017-06-30,US economy showed positive sentiment with 80 months of job growth; ongoing influence of HITECH Act; international trade deficit decreased in June 2017 with increasing exports.,"United States ceased implementation of the non-binding Paris Accord as of June 1, 2017."
2017-07-31,"US economy in long expansion with steady job growth and 4.4% unemployment. US growth projections lowered. International trade deficit increased in July 2017, with exports and imports both decreasing.",
2017-08-31,"U.S. international trade deficit decreased in August 2017, driven by increased exports and decreased imports.",
2017-09-30,U.S. international trade deficit increased in September 2017. Council of Economic Advisers expressed concern over market concentration. Census Bureau published poverty estimates; 2016 food insecurity data released. Economic benefits from passing the Dream Act assessed.,
2017-10-31,"U.S. goods and services deficit increased to $48.7 billion in October; goods deficit was $68.3 billion, up from September.",
2017-11-30,"U.S. economy showed growth in key sectors like fisheries, biotech, and food/agriculture. The goods and services deficit and international trade deficit both widened in November 2017. Opioid crisis impact may begin to be felt.",
2017-12-31,"US international trade deficit was $71.6B in Dec 2017 (exports $137.6B, imports $209.2B). Central bank discount rate was 0.5% on Dec 31, 2017.",
2018-01-31,"US economy expected to grow, driven by tax policy; goods and international trade deficits increased in January, with exports decreasing.",
2018-02-28,"U.S. international trade deficit increased in February 2018, driven by strong U.S. economy, reaching $57.6 billion with increased exports and imports.",
2018-03-31,US goods and services deficit decreased to $49.0 billion in March 2018; International trade deficit (goods) was $68.0 billion. Historical healthcare costs and demographic shifts are noted.,
2018-04-30,"US international trade deficit decreased in April, with exports increasing and imports decreasing.",Trade tensions with China and major partners may cause economic fluctuations and market volatility.
2018-05-31,Realized decrease in goods and services deficit and international trade deficit in May due to increased exports; U.S. economy expected to continue growth.,
2018-06-30,"US unemployment rate at 3.8%, lowest since 1960s. Goods and services deficit and international trade deficit both increased in June.",Ongoing trade tensions with China; decline in the mining industry.
2018-07-31,"July trade deficit increased significantly; exports decreased, imports increased. US economy shows uneven expansion, rising oil prices, higher yields. GDP growth reported.",Ongoing trade disputes and tariffs impacting trade balance.
2018-08-31,"US economy grew 4.1% in Q2 2018. August goods & services deficit increased to $53.2B, and goods trade deficit to $75.8B, driven by decreased exports and increased imports.",
2018-09-30,"Monthly international trade balance showed a widening goods and services deficit to $54.0 billion in September. US economy continued growing, supported by nonprofit, arts, and outdoor recreation sectors; ongoing trade disruptions with China.",
2018-10-31,Unemployment rate fell to a 50-year low; robust economic growth and innovation strength reported. Q3 GDP increased 4.9%; international trade deficit widened in October.,
2018-11-30,"Goods and services deficit was $49.3 billion in November, down from October. Ongoing economic growth, continuing trade tensions/tariffs, and potential USMCA benefits.",Re-imposed sanctions on Iran may lead to economic disruption and potential trade tensions.
2018-12-31,"Real GDP/GDI increased in Q3 2018. US dollar appreciated. December goods and services deficit widened to $59.8B, and international trade deficit to $79.5B, with exports down and imports up.",
2019-01-31,"January's trade deficit decreased to $51.1B; exports increased, imports decreased. U.S. economy largely driven by consumer spending. Unchanged growth forecast: decline to 2.5% in 2019, 1.8% in 2020. Long-term $300B asthma cost projected.",Ongoing government shutdown potentially decreasing consumer spending.
2019-02-28,"February goods and services deficit narrowed to $49.4 billion, down $1.8 billion from January. Economy continued growth driven by small businesses, consumer spending, AI, and Latino purchasing power, influenced by tariffs and minimum wage changes.",
2019-03-31,"US economy observed a growth slowdown. Goods and international trade deficits increased in March. Economy faces challenges from trade policy, housing, market concentration, and infrastructure underinvestment.",
2019-04-30,US digital economy's 2017 GDP contribution; positive impact of USMCA agreement; accelerated US GDP growth in Q1 2019; April's goods/services deficit ($50.8B) and international trade deficit ($72.1B).,Potential disruptions from US-Mexico trade tensions and border closures; ongoing trade tensions and tariffs impacting trade flows; slowdown in international trade.
2019-05-31,US unemployment rate fell to 3.6% in April 2019. May 2019 goods and services deficit rose to $55.5 billion; international trade deficit was $74.5 billion. Ongoing US-China trade tensions and concerns over Chinese investment.,
2019-06-30,US economy continued its longest expansion with low unemployment and rising wages. Goods and services deficit decreased in June.,Disruptions from tariffs on Mexican imports.
2019-07-31,"US economy added 224K jobs in June (exceeding expectations), Q1 2019 GDP grew 3.9%, marking longest expansion. July trade deficit decreased with rising exports.",
2019-08-31,August goods and services deficit was $54.9 billion; international trade deficit was $72.8 billion. U.S. economy supported by small businesses and immigrants; high infant care costs.,
2019-09-30,September goods and services deficit decreased to $52.5 billion. Real GDP increased 2.0% in Q2 2019.,
2019-10-31,"October's trade deficit narrowed, with both exports and imports decreasing, indicating a slowdown in trade activity. Ongoing trade tensions and slowing labor force growth are influencing factors.",
2019-11-30,"US goods and services deficit narrowed to $43.1 billion in November; exports increased, imports decreased. The economic expansion is the longest on record.",
2019-12-31,December goods and services deficit rose to $48.9B and international trade deficit to $68.3B due to higher imports. Q3 2019 real GDP/GDI increased 2.1%.,
2020-01-31,Monthly international trade deficit decreased; exports and imports fluctuated. Foreign-born population and tourism industry contribute to economic output.,US-China Economic and Trade Agreement signed. COVID-19 pandemic identified as an emerging economic impact factor.
2020-02-29,Real GDP increased in Q4 2019; middle-income households declined by 2019; Nigerian immigrants contribute to economy; industrial hemp production reintroduced; trade deficits narrowed in February.,
2020-03-31,US economy's fundamentals remained strong. March trade deficit increased; exports and imports declined.,COVID-19 outbreak caused economic disruption. CARES Act passed and Federal Reserve committed support in response.
2020-04-30,"U.S. international trade deficit increased in April, with significant declines in exports and imports. Economy experienced significant declines, job losses, and high unemployment.",Ongoing COVID-19 pandemic caused economic volatility and uncertainty. CARES Act and other stimulus measures implemented.
2020-05-31,"US GDP decreased in Q1 2020. May 2020 saw an increased international trade deficit, with both exports and imports declining.","COVID-19 pandemic caused unprecedented economic shutdown, job losses, and decline in electricity usage."
2020-06-30,"US GDP decreased 4.7% in Q1 2020. Unemployment rates began decreasing in June. Goods and services deficit narrowed to $50.7B, international trade deficit to $70.6B, with increased exports and imports.",
2020-07-31,"US economy in recession (announced June), Q1 GDP decreased. July goods and services deficit and international trade deficit both increased significantly from June.",
2020-08-31,August goods and international trade deficits increased; US economy Q2 2020 contracted -32.9%; ongoing US-China trade war; persistent poverty; Federal Reserve's 2% inflation target.,COVID-19 pandemic's severe impact on the US economy.
2020-09-30,"Realized goods and services deficit narrowed in September, with increased exports and imports; ongoing COVID-19 pandemic impact on U.S. economy and industrial production; structural wealth gap.",
2020-10-31,"International trade deficit widened in October, with exports and imports increasing. US GDP decreased 32.8% in Q2 2020.",
2020-11-30,Realized Q3 2020 GDP growth (33.1-38.0% annualized). November 2020 international trade deficit increased to $68.1-84.8 billion with higher imports. U.S. economy faces excessive market power.,
2020-12-31,U.S. international trade deficit decreased in December 2020; exports and imports both increased.,
2021-01-31,"January 2021 goods/services deficit $68.2B, international trade deficit $83.7B. Economy grew 4% in Q4 2020, shrank 3.5% in 2020 due to COVID-19 and high unemployment.",
2021-02-28,Ongoing COVID-19 pandemic threat to the economy; February goods and services deficit widened to $71.1 billion.,
2021-03-31,"U.S. goods and services and international trade deficits widened in March. American Rescue Plan Act passed, providing economic relief amid ongoing COVID-19 pandemic impacts.",
2021-04-30,"April's goods and services deficit narrowed to $68.9 billion, and the international trade deficit for goods narrowed to $85.2 billion, driven by increased exports and decreased imports.",
2021-05-31,US economy expected to grow 6.5% in 2021; significant maritime trade and semiconductor industry impact; monthly international trade deficit increased in May 2021 due to rising imports.,
2021-06-30,US government invested $2.8 billion; Q1 2021 GDP grew 11.0%; marine economy showed strong growth; economy in transition due to pandemic; June goods and services deficit increased to $75.7 billion; international trade deficit reached $91.2 billion.,
2021-07-31,"US government's infrastructure spending plans and competition executive order; US and Germany set net-zero emissions target; US economy saw 7% growth; goods and services deficit, and international trade deficit both decreased in July.",
2021-08-31,"Realized increase in US international trade deficit in August 2021; ongoing economic growth, inflation concerns, and competitiveness issues.",
2021-09-30,"September's goods and services deficit was $80.9 billion, and international trade deficit was $96.3 billion, both up from August. Exports decreased by $7.0 billion, while imports increased by $1.1 billion.",U.S. suspended bilateral economic engagement with Russian government.
2021-10-31,"US GDP increased in Q3 2021. Goods and services deficit and international trade deficit decreased in October, with increased exports. Government released economic strategies and reports on various aspects of the economy.",
2021-11-30,"November goods and services deficit was $80.2B, international trade deficit $97.8B, both up from October. Bipartisan Infrastructure Deal and 2035 clean electricity goal set.",
2021-12-31,"Goods and services deficit widened in December 2021, driven by increased imports and exports, reflecting strong domestic demand and a strong U.S. dollar.",
2022-01-31,"US economy recovering from COVID-19, facing inflationary pressures and labor shortages. January 2022 trade deficit significantly increased (exports down, imports up). Ongoing supply chain disruptions.",
2022-02-28,"February goods and services deficit was $89.2B; international trade deficit was $106.6B. U.S. economy continued growth, surpassing pre-recession GDP.",
2022-03-31,"Realized March goods and services deficit ($109.8B), exports ($241.7B), imports ($351.5B). International trade deficit ($125.3B), goods exports ($169.3B), and goods imports ($294.6B).","US banned Russian oil/gas, over 30 countries imposed sanctions, causing inflationary pressures, supply chain disruptions, and higher prices from Ukraine conflict. New US-EU data flow agreement announced."
2022-04-30,"Goods and services deficit decreased significantly in April 2022, with exports increasing and imports decreasing. The economy showed robust progress but faced ongoing volatility and high inflation.",
2022-05-31,"US real GDP decreased 1.4% in Q1 2022. Ongoing supply chain disruptions, labor shortages, and COVID-19 impacts persisted. May 2022 trade deficit narrowed, with exports increasing.",
2022-06-30,"U.S. economy rebounded strongly with tight labor markets and growth. Monthly international trade deficit decreased in June 2022 due to increased exports and decreased imports, indicating improved trade dynamics.",
2022-07-31,"US economy shrank for a second straight quarter (Q2 2022), indicating recession risk. July 2022 international trade deficit decreased. Q1 2022 real GDP decreased 1.6%.",
2022-08-31,"US economy showed strong growth in organic agriculture and travel/tourism, alongside ongoing investment in infrastructure. Overall growth slowed from 2021 highs. August international trade deficit decreased as both exports and imports declined.",
2022-09-30,"U.S. trade deficit widened in September, with exports declining and imports increasing.",United States launched Indo-Pacific Economic Framework; slowing Chinese economy may affect U.S. exports.
2022-10-31,"October goods and services deficit was $78.2B, up $4.0B from September, with exports decreasing and imports increasing. Q2 U.S. GDP increased 8.5%.",
2022-11-30,U.S. goods and services deficit and international trade deficit both decreased. EDA announced $240M grants for travel/tourism; digital economy contributed 10.3% to 2021 GDP.,
2022-12-31,"U.S. international trade deficit increased significantly in December 2022 due to decreased exports and increased imports. General economic growth continued, but inflation remained a challenge.",
2023-01-31,"January goods and services deficit was $68.3 billion and international trade deficit $91.5 billion, both up from December. Real GDP increased 2.9% in Q4 2022.",
2023-02-28,"Q4 2022 economy grew due to jobs, income, spending. US economy projected 0.1% growth in 2023. February goods and services deficit widened to $70.5B, and international trade deficit to $91.6B, with decreased exports/imports.",
2023-03-31,"U.S. trade deficit decreased in March 2023 due to increased exports and decreased imports. Ongoing government efforts include economic growth policies, climate risk evaluation, and clean energy initiatives.","Government actions taken to protect the U.S. economy and banking system, likely in response to recent instability."
2023-04-30,April saw widening goods and services deficit ($74.6B) and international trade deficit ($96.8B). U.S. economic growth expected to halt in H2 2023 due to higher interest rates. 2022 GDP grew 2.1-9.2%.,
2023-05-31,"US approaching debt ceiling, raising economic uncertainty. Government investing $2.8B in public lands and economy. Projected $14T COVID-19 economic toll by end of 2023. US economy shows resilience to past policy tightening. May 2023 international trade deficit decreased to $91.1B.",
2023-06-30,"US economy continued growth, exceeding 2019 levels. Inflation remained a top concern, with potential monetary policy tightening. Goods and services deficit narrowed to $65.5B, international trade deficit to $87.8B in June.",
2023-07-31,June CPI indicated slowing U.S. inflation; U.S. economy continued growth in H1 2023; civilian worker compensation costs rose; monthly trade deficit increased.,
2023-08-31,"U.S. economy showed resilience and GDP growth in Q2 2023. U.S. international trade deficit decreased in August 2023, with increased exports and decreased imports.",
2023-09-30,"U.S. economy grew 1.3% in Q2 2023. Monthly international trade deficit widened in September, with exports and imports increasing, and is expected to continue widening.",Potential Republican-led government shutdown may reduce economic output; U.S. economy may fluctuate due to imposed tariffs.
2023-10-31,US economy showed strong GDP recovery and Q1/Q2 2023 expansion; October saw goods and services deficit rise to $64.3B and international trade deficit to $89.8B with decreased exports.,
2023-11-30,"Real GDP grew 4.9% in Q3 2023. November goods and services deficit decreased to $63.2B, while the international trade deficit was $90.3B, with decreasing exports and imports.",
2023-12-31,"US economy showed strong growth in Q3 2023 and overall in 2023; manufacturing investment reached historic highs. 2023 fiscal deficit doubled. December goods and services deficit was $62.2B, international trade deficit $88.5B.",
2024-01-31,"Strong economic recovery from COVID-19; US GDP grew 3.3% in Q4; January goods and services deficit increased, with rising exports and imports.",
2024-02-29,"Factual U.S. GDP growth in 2023, projections for 2024, and continued economic growth expectations. February saw widening goods and services and international trade deficits, with rising exports and imports.","January 2024 job additions significantly exceeded expectations, indicating a stronger labor market than anticipated."
2024-03-31,"US economy grew 3.2% in Q4 2023; added 275k jobs in Feb 2024, exceeding expectations. March 2024 trade deficit was $69-92 billion. Forecasts predict 2.4% US growth in 2024, slowing in 2025.",
